TheTime,O3,NO,NO2,NOx,T,RH,P,Lite,O3CellP,O3CellT,O3Flow,NOxReacT,NOxConvT,NOxFlow
"01/26/23 10:38:24",30.40000,1.154708,2.285315,3.341416,16.57880,33.28420,995.4762,1733.769,955.9000,27.80000,1727.600,49.98862,288.8475,1.000000
"01/26/23 10:39:24",30.98333,1.213203,1.775797,2.989000,13.26519,33.09827,995.4406,1975.526,955.9833,28.15000,1728.333,49.99473,290.3586,1.000000
"01/26/23 10:40:24",31.93333,1.750322,2.341122,4.091444,12.52804,34.11216,995.5076,2208.082,955.9667,28.53333,1734.667,49.96284,291.6280,1.000000
"01/26/23 10:41:24",31.26667,0.8867380,1.723885,2.610623,13.17615,35.27654,995.5548,1917.028,956.0333,28.85000,1738.500,49.97531,292.9175,1.000000
"01/26/23 10:42:24",31.01667,1.265670,1.488477,2.754147,15.93176,34.09608,995.6020,1969.739,956.0833,29.20000,1748.500,49.96324,294.1868,1.000000
"01/26/23 10:43:24",29.80000,1.377073,2.533698,3.910771,12.86137,33.74392,995.6733,2149.328,956.2000,29.55000,1752.167,49.99554,295.3152,1.000000
"01/26/23 10:44:24",29.63333,2.535302,1.790106,4.325408,13.25269,34.50365,995.6012,3064.919,956.1167,29.85000,1757.833,49.97424,296.4838,1.000000
"01/26/23 10:45:24",30.10000,1.635911,2.384076,4.019987,12.64412,33.85373,995.5882,3533.814,956.1500,30.06667,1757.500,49.97186,297.6725,1.000000
"01/26/23 10:46:24",30.56667,0.9621919,2.029698,2.991890,14.02745,35.09216,995.5655,3283.291,956.0833,30.35000,1754.000,49.96416,298.7203,1.000000
"01/26/23 10:47:24",29.61667,1.858246,1.575722,3.433968,14.59481,35.05865,995.5642,3360.887,956.0000,30.63333,1750.000,50.00252,299.8275,1.000000
"01/26/23 10:48:24",28.61667,0.7708322,2.209487,2.980319,16.82686,32.68118,995.5247,3063.910,956.0167,30.85000,1759.833,49.97047,300.9075,1.000000
"01/26/23 10:49:24",30.03333,1.038685,2.225138,3.263823,14.46865,33.13538,995.5202,2734.104,955.9833,31.10000,1754.833,49.99418,301.8252,1.000000
"01/26/23 10:50:24",30.38333,0.6741343,2.092699,2.766833,14.12706,35.68235,995.5657,2448.243,956.0500,31.33333,1756.167,50.03740,302.8228,1.000000
"01/26/23 10:51:24",29.76667,1.899743,0.8529629,2.752706,13.37627,34.81294,995.5708,2707.779,956.1000,31.53333,1758.667,50.00952,303.7804,1.000000
"01/26/23 10:52:24",30.58333,0.7002763,2.030547,2.730823,13.55615,36.76308,995.5469,3623.241,956.0333,31.73333,1758.833,49.96262,304.6383,1.000000
"01/26/23 10:53:24",30.18333,0.7834916,2.002778,2.786270,14.95039,34.88725,995.5343,3917.827,956.0500,31.93333,1758.667,50.01104,305.5561,1.000000
"01/26/23 10:54:24",31.03333,0.7239958,1.555924,2.279920,11.92549,35.57980,995.5459,3652.210,956.1167,32.10000,1768.167,49.98875,306.2743,1.000000
"01/26/23 10:55:24",31.15000,0.5690080,1.713423,2.282431,11.80808,36.84788,995.6671,2832.688,956.1500,32.30000,1764.333,49.98446,307.2319,1.000000
"01/26/23 10:56:24",30.51667,0.5539585,1.883481,2.437440,13.00882,37.33824,995.6265,2506.577,956.1167,32.45000,1760.833,49.98428,308.0499,1.000000
"01/26/23 10:57:24",29.78333,0.6182181,1.911888,2.530106,14.21654,36.94788,995.5308,2756.773,956.0333,32.60000,1760.667,49.98725,308.8280,1.000000
"01/26/23 10:58:24",29.10000,0.5792302,1.831061,2.410291,13.75176,36.37922,995.5871,2758.401,956.1000,32.75000,1759.167,50.00066,309.6460,1.000000
"01/26/23 10:59:24",28.66667,1.404330,1.385050,2.789380,13.34255,35.16353,995.6245,2481.085,956.1500,32.90000,1764.333,50.01384,310.2844,1.000000
"01/26/23 11:00:24",29.78333,2.928851,0.3939499,3.322801,12.25404,35.14423,995.6681,2638.387,956.2333,33.05000,1765.333,49.99553,311.0625,1.000000
"01/26/23 11:01:24",28.76667,0.5490728,1.742234,2.291307,14.68980,37.36980,995.6159,2950.177,956.2333,33.18333,1771.500,50.00427,311.7209,1.000000
"01/26/23 11:02:24",29.08333,0.5489725,1.910803,2.459776,14.75745,34.29314,995.6543,4126.242,956.2833,33.30000,1768.500,49.99909,312.3194,1.000000
"01/26/23 11:03:24",29.01667,0.5068731,1.942976,2.449849,15.40500,36.30846,995.7083,6190.731,956.2667,33.45000,1761.833,50.02381,313.0177,1.000000
"01/26/23 11:04:24",29.56667,0.5160797,1.776547,2.292627,13.79216,33.08961,995.6441,8637.895,956.2333,33.55000,1775.500,50.01710,313.5963,1.000000
"01/26/23 11:05:24",30.23333,0.5241037,1.584646,2.108749,13.93327,34.62519,995.6763,7297.178,956.3333,33.65000,1766.500,49.99754,314.1948,1.000000
"01/26/23 11:06:24",30.15000,0.6596148,1.665914,2.325529,12.84098,35.01529,995.6892,7551.404,956.3167,33.78333,1769.167,50.02462,314.7535,1.000000
"01/26/23 11:07:24",30.06667,0.6461226,1.718028,2.364151,15.84275,36.18686,995.6135,6577.195,956.3000,33.88333,1769.333,50.04398,315.3121,1.000000
"01/26/23 11:08:24",30.26667,0.5841627,1.553508,2.137670,13.39038,32.55327,995.6392,6053.939,956.3667,33.98333,1767.833,50.00653,315.9505,1.000000
"01/26/23 11:09:24",31.71667,0.5073786,1.592066,2.099445,11.43706,34.94804,995.5982,4970.058,956.2833,34.08333,1770.833,49.98640,316.5890,1.000000
"01/26/23 11:10:24",31.81667,0.4492370,1.664318,2.113555,11.82538,35.37615,995.7288,4249.328,956.4000,34.18333,1771.333,49.98411,316.9680,1.000000
"01/26/23 11:11:24",31.43333,0.4649211,1.609436,2.074357,11.95647,34.55137,995.7357,3411.984,956.4333,34.25000,1765.833,49.99440,317.6863,1.000000
"01/26/23 11:12:24",31.70000,0.3655721,1.570061,1.935633,11.92196,35.27216,995.7710,3415.920,956.4333,34.35000,1763.333,49.98138,318.2050,1.000000
"01/26/23 11:13:24",30.86667,0.5385389,1.627361,2.165900,13.47827,35.34673,995.7040,3908.162,956.4000,34.45000,1768.333,49.99203,318.7038,1.000000
"01/26/23 11:14:24",31.01667,0.5240892,1.585322,2.109411,12.70882,35.31431,995.7567,3376.573,956.4333,34.51667,1770.500,49.98271,319.1826,1.000000
"01/26/23 11:15:24",31.15000,0.4704436,1.617951,2.088395,11.70059,34.78118,995.8184,2697.031,956.5500,34.60000,1773.333,49.98898,319.6614,1.000000
"01/26/23 11:16:24",31.00000,0.5440330,2.131433,2.675466,11.96192,36.75500,995.7715,2357.058,956.5333,34.65000,1775.000,49.98814,320.1203,1.000000
"01/26/23 11:17:24",30.45000,2.068821,2.631504,4.700325,12.29569,34.78627,995.7524,2158.533,956.4833,34.71667,1771.333,49.98738,320.6390,1.000000
"01/26/23 11:18:24",29.30000,2.713780,3.592855,6.306635,13.29404,36.13769,995.7223,2167.814,956.4833,34.80000,1773.000,50.00806,320.9981,1.000000
"01/26/23 11:19:24",30.03333,4.705797,5.441015,10.14681,12.32412,34.25353,995.6857,2048.706,956.4000,34.88333,1770.167,49.95852,321.5169,1.000000
"01/26/23 11:20:24",30.53333,5.515238,9.151677,14.66691,11.58686,35.60157,995.7080,2122.199,956.4500,34.91667,1770.000,49.99150,321.9159,1.000000
"01/26/23 11:21:24",31.06667,8.080902,11.53673,19.61763,11.62981,34.77462,995.7113,2301.270,956.4667,35.00000,1771.833,49.99167,322.3149,1.000000
"01/26/23 11:22:24",30.11667,8.812509,14.88032,23.69283,11.60922,35.19176,995.7473,2337.099,956.5333,35.01667,1770.167,50.00416,322.6740,1.000000
"01/26/23 11:23:24",30.66667,10.69035,13.23583,23.92619,11.61863,35.45157,995.7520,2303.064,956.5167,35.10000,1772.667,50.00952,323.0331,1.000000
"01/26/23 11:24:24",30.38333,18.32548,19.19065,37.51613,12.11115,35.07808,995.7369,2058.831,956.4833,35.11667,1780.000,50.05287,323.3922,1.000000
"01/26/23 11:25:24",30.03333,22.44909,18.34419,40.79328,11.76784,35.75098,995.7655,1825.767,956.5333,35.20000,1770.833,49.97983,323.7913,1.000000
"01/26/23 11:26:24",31.48333,22.73369,14.30802,37.04171,11.88577,35.74250,995.7937,1867.362,956.5500,35.20000,1773.833,49.99472,324.0307,1.000000
"01/26/23 11:27:24",30.20000,25.47798,17.67596,43.15394,11.35784,35.32157,995.7743,2620.883,956.5333,35.25000,1774.000,49.99434,324.5494,1.000000
"01/26/23 11:28:24",30.08333,23.56912,18.85768,42.42680,11.54706,34.99294,995.7496,2476.592,956.5500,35.30000,1773.167,50.00049,324.7888,1.000000
"01/26/23 11:29:24",29.71667,23.54698,18.08861,41.63558,11.53096,35.93135,995.7600,2241.335,956.5333,35.30000,1777.167,49.99369,325.0681,1.000000
"01/26/23 11:30:24",27.40000,29.02575,19.59474,48.62049,12.51255,37.52118,995.7227,2264.108,956.5000,35.38333,1777.000,50.00257,325.3873,1.000000
"01/26/23 11:31:24",30.36667,22.40317,21.14117,43.54435,12.63346,35.79308,995.7942,2687.313,956.6000,35.40000,1777.167,50.02570,325.6667,1.000000
"01/26/23 11:32:24",29.58333,21.38296,13.17684,34.55980,12.92275,37.31588,995.6833,2244.255,956.4167,35.40000,1776.667,50.00886,325.9659,1.000000
"01/26/23 11:33:24",31.20000,18.48765,18.47451,36.96216,11.15216,35.70863,995.7273,2230.764,956.5000,35.48333,1778.333,50.00019,326.3450,1.000000
"01/26/23 11:34:24",31.21667,15.91913,15.73371,31.65283,11.30942,36.63019,995.7860,2877.042,956.5667,35.50000,1778.500,49.98749,326.5645,1.000000
"01/26/23 11:35:24",30.60000,13.24015,14.44662,27.68678,10.80451,36.37235,995.7669,2721.956,956.5333,35.50000,1783.667,50.01566,326.9834,1.000000
"01/26/23 11:36:24",30.56667,11.23517,12.44422,23.67939,10.76843,37.67980,995.7790,2617.492,956.6167,35.51667,1776.500,50.02327,327.2627,1.000000
"01/26/23 11:37:24",31.35000,8.757059,11.34529,20.10235,10.67981,37.99404,995.8065,2582.600,956.5833,35.60000,1776.500,49.98161,327.6019,1.000000
"01/26/23 11:38:24",30.91667,7.007172,10.90162,17.90880,11.16529,36.57510,995.8229,2876.525,956.5833,35.60000,1781.500,50.00308,327.7815,1.000000
"01/26/23 11:39:24",30.71667,5.987103,10.18865,16.17575,10.70500,36.19962,995.8129,2482.049,956.5333,35.60000,1776.667,49.97076,328.0209,1.000000
"01/26/23 11:40:24",31.26667,4.922365,9.442111,14.36448,10.46157,36.46412,995.8041,1998.660,956.6000,35.61667,1778.167,49.98394,328.4199,1.000000
"01/26/23 11:41:24",30.93333,3.949662,8.777026,12.72669,10.98804,38.99078,995.8576,1909.477,956.6833,35.70000,1780.500,50.02754,328.6194,1.000000
"01/26/23 11:42:25",30.36667,3.440269,7.717182,11.15745,11.27096,38.04673,995.8008,1858.794,956.6000,35.70000,1779.000,49.98645,328.8389,1.000000
"01/26/23 11:43:25",30.71667,2.468101,7.230983,9.737344,9.876863,37.12824,995.8065,1803.867,956.6000,35.70000,1774.667,49.98440,329.0982,1.000000
"01/26/23 11:44:25",31.38333,2.019043,6.373361,8.481622,9.624615,37.64692,995.7894,1624.438,956.5667,35.70000,1776.500,49.98125,329.3576,1.000000
"01/26/23 11:45:25",30.56667,1.678125,5.930307,7.688323,9.798824,37.43745,995.7976,1503.714,956.6167,35.71667,1780.167,49.98865,329.4972,1.000000
"01/26/23 11:46:25",30.77143,1.505924,5.657776,7.220386,9.709608,37.85392,995.8384,1520.873,956.6857,35.80000,1778.714,49.97518,329.7167,1.000000
"01/26/23 11:47:25",31.16000,1.343130,5.069840,6.524665,10.14212,37.70423,995.8369,1680.161,956.5200,35.80000,1777.400,49.99819,330.0758,1.000000
"01/26/23 11:48:25",30.45000,1.121410,4.859377,5.971104,10.75118,38.34686,995.8320,2300.994,956.6167,35.80000,1777.500,49.98863,330.1357,1.000000
"01/26/23 11:49:25",30.52857,1.287482,3.892138,5.334121,10.44686,38.03725,995.8986,2422.648,956.7714,35.80000,1779.000,49.98188,330.3551,1.000000
"01/26/23 11:50:25",30.70000,1.028673,3.843754,4.919792,10.59885,38.49731,995.8106,2457.718,956.5333,35.80000,1780.667,49.98386,330.4150,1.000000
"01/26/23 11:51:25",30.90000,1.140315,3.527187,4.691135,10.00608,39.26294,995.7925,2491.086,956.5667,35.80000,1782.333,50.00382,330.5746,1.000000
"01/26/23 11:52:25",29.63333,1.120914,4.186056,5.239027,10.58577,36.96904,995.8687,1909.129,956.6167,35.80000,1778.167,49.97209,330.8140,1.000000
"01/26/23 11:53:25",30.91667,1.071323,3.096447,4.311649,9.886078,37.52255,995.8429,1586.247,956.6500,35.80000,1782.667,50.03396,331.0335,1.000000
"01/26/23 11:54:25",30.73333,0.8342884,2.986788,3.878150,9.722353,37.77608,995.8163,1536.928,956.6000,35.80000,1774.333,49.98919,331.1532,1.000000
"01/26/23 11:55:25",30.83333,0.7627088,2.826594,3.591172,10.06942,37.18885,995.8417,1389.564,956.6333,35.80000,1778.833,49.98374,331.3926,1.000000
"01/26/23 11:56:25",29.55000,0.7937326,2.626334,3.489244,10.75216,38.54451,995.9510,1445.910,956.7167,35.80000,1774.667,49.99572,331.4325,1.000000
"01/26/23 11:57:25",29.66667,0.8330102,2.765743,3.521886,10.85192,38.41942,995.9560,1614.516,956.7667,35.80000,1785.167,49.99272,331.5522,1.000000
"01/26/23 11:58:25",29.93333,0.8143797,2.415545,3.270635,9.947059,38.40686,995.9206,1600.401,956.7000,35.80000,1772.833,49.99454,331.8515,1.000000
"01/26/23 11:59:25",30.11667,0.6657155,2.216682,2.978998,10.18314,41.16941,995.8784,1519.433,956.6667,35.80000,1778.500,49.99198,331.9712,1.000000
"01/26/23 12:00:25",30.50000,0.7787603,2.356149,3.091037,10.52096,37.30212,995.9235,1501.815,956.7500,35.83333,1777.000,49.99404,332.1308,1.000000
"01/26/23 12:01:25",29.88333,0.6888803,2.093206,2.889320,9.883137,39.36627,995.9098,1423.310,956.6833,35.83333,1781.167,49.97684,332.3702,1.000000
"01/26/23 12:02:25",29.21667,1.191970,2.512727,3.544469,9.490588,39.00725,995.9390,1522.551,956.7333,35.90000,1772.500,50.02584,332.5298,1.000000
"01/26/23 12:03:25",29.78333,1.096702,2.581057,3.713200,9.656538,39.30865,995.9646,1681.930,956.7000,35.90000,1780.500,49.97006,332.6096,1.000000
"01/26/23 12:04:25",29.10000,0.6760191,2.230772,2.951235,10.57157,40.33569,995.9471,1684.579,956.6833,35.90000,1780.167,50.01035,332.8291,1.000000
"01/26/23 12:05:25",29.55000,0.6085769,2.384227,3.003900,10.03827,39.82346,995.9596,1753.178,956.7500,35.90000,1780.333,49.97115,332.8490,1.000000
"01/26/23 12:06:25",29.85000,0.6243640,2.049185,2.698055,10.30784,39.79608,995.9865,2055.361,956.7167,35.90000,1781.833,50.01001,333.1283,1.000000
"01/26/23 12:07:25",29.70000,1.080012,2.174820,3.057775,9.161176,39.53098,996.0276,1889.087,956.8167,35.90000,1777.667,49.98384,333.2680,1.000000
"01/26/23 12:08:25",29.30000,0.8044384,1.965812,3.002680,9.390000,39.66885,996.0190,1614.099,956.8000,35.90000,1781.167,49.97101,333.2680,1.000000
"01/26/23 12:09:25",29.83333,0.6844139,2.046387,2.698287,9.703922,38.70765,995.9810,1502.146,956.7667,35.90000,1777.500,49.99583,333.6072,1.000000
"01/26/23 12:10:25",29.05000,0.5188033,2.024953,2.551908,9.833654,39.66519,996.0158,1370.589,956.8000,35.90000,1782.833,49.97013,333.5673,1.000000
"01/26/23 12:11:25",29.66667,0.6810925,1.887845,2.555831,9.641176,39.68765,996.0869,1410.017,956.8500,35.90000,1776.500,49.98551,333.7269,1.000000
"01/26/23 12:12:25",29.63333,0.5921434,2.072387,2.644474,10.53176,41.08000,996.1398,1608.555,956.9000,35.90000,1775.333,49.99585,333.9064,1.000000
"01/26/23 12:13:25",28.95000,0.6272306,1.946128,2.600198,10.41846,38.23519,996.1331,1661.120,956.9000,35.90000,1776.500,49.99504,333.9264,1.000000
"01/26/23 12:14:25",29.65000,0.4471958,1.931492,2.394662,9.623725,38.93863,996.1492,1829.094,956.9500,35.90000,1775.500,49.99135,334.1259,1.000000
"01/26/23 12:15:25",28.86667,0.5900645,2.158437,2.623013,9.481373,39.45078,996.1018,1834.349,956.8667,35.90000,1779.667,50.01957,334.1259,1.000000
"01/26/23 12:16:25",29.33333,0.5148514,2.139091,2.765112,9.319615,41.06096,996.1373,1691.256,956.9167,35.90000,1776.333,49.99560,334.2256,1.000000
"01/26/23 12:17:25",28.05000,0.5337075,1.787699,2.332192,12.45529,41.59294,996.1890,1729.576,956.9000,35.86667,1774.000,50.00173,334.4850,1.000000
"01/26/23 12:18:25",28.91667,0.5364254,1.937002,2.480811,12.09077,39.14500,996.2215,1768.666,956.9833,35.83333,1778.667,49.99386,334.5448,1.000000
"01/26/23 12:19:25",27.50000,0.4865267,1.884355,2.352367,13.46627,38.85157,996.2229,1620.594,956.9833,35.86667,1783.333,49.98380,334.5448,1.000000
"01/26/23 12:20:25",28.78333,0.5118516,1.977222,2.484612,10.99196,38.56490,996.3129,1534.653,957.0833,35.86667,1773.000,50.02723,334.6247,1.000000
"01/26/23 12:21:25",29.35000,0.6707175,2.320558,2.849372,10.43173,39.25212,996.3271,1442.967,957.0667,35.90000,1775.000,50.03023,334.6845,1.000000
"01/26/23 12:22:25",29.38333,0.4926525,2.419985,3.023657,10.27059,39.12137,996.3100,1368.048,957.0333,35.90000,1775.000,49.97167,334.9638,1.000000
"01/26/23 12:23:25",30.31667,0.4954942,1.759161,2.332467,10.11863,40.03922,996.2765,1376.523,957.0000,35.90000,1774.167,49.96060,334.9638,1.000000
"01/26/23 12:24:25",29.95000,0.6825373,2.360149,2.816160,9.421731,38.20942,996.3037,1383.976,957.0833,35.90000,1779.167,49.99859,334.9439,1.000000
"01/26/23 12:25:25",30.43333,0.5358075,1.623386,2.411371,9.002157,39.30980,996.2871,1346.055,957.0667,35.90000,1775.000,49.97596,335.1633,1.000000
"01/26/23 12:26:25",30.03333,0.4549541,1.662827,2.099997,9.516346,39.07423,996.3083,1394.900,957.0500,35.90000,1777.333,49.98854,335.2232,1.000000
"01/26/23 12:27:25",30.41667,0.4388908,1.604957,2.058736,10.03941,40.08098,996.2629,1428.458,957.0333,35.90000,1780.333,49.99133,335.2631,1.000000
"01/26/23 12:28:25",29.83333,0.6545566,2.183451,2.650728,9.600784,39.21020,996.2951,1270.710,957.0333,35.90000,1774.167,49.99410,335.3229,1.000000
"01/26/23 12:29:25",29.78333,0.3768356,1.718076,2.260550,10.42173,41.03462,996.2912,1159.354,957.0333,35.90000,1774.167,49.96358,335.3429,1.000000
"01/26/23 12:30:25",29.11667,0.4163297,1.842873,2.231629,11.19059,37.76843,996.2927,1068.181,957.0333,35.90000,1778.167,50.00308,335.5424,1.000000
"01/26/23 12:31:25",29.08333,0.4239317,1.899141,2.291955,10.86962,41.08865,996.3592,1075.165,957.1000,35.86667,1774.500,49.98366,335.5225,1.000000
"01/26/23 12:32:25",29.88333,0.4097621,1.771498,2.235209,11.23118,37.69725,996.4284,1050.639,957.2333,35.80000,1773.833,50.00413,335.6023,1.000000
"01/26/23 12:33:25",26.28333,0.6538284,2.741920,3.139659,10.85588,40.45216,996.4410,1039.176,957.2167,35.86667,1775.667,50.00618,335.6422,1.000000
"01/26/23 12:34:25",28.61667,1.263420,2.366889,3.833144,11.07750,39.34288,996.4483,1326.795,957.2333,35.83333,1770.500,50.02822,335.7619,1.000000
"01/26/23 12:35:25",28.98333,0.4260422,1.914433,2.358643,10.62196,39.67235,996.4625,1249.947,957.2500,35.80000,1768.333,50.00867,335.8417,1.000000
"01/26/23 12:36:25",29.10000,0.4257872,1.761277,2.226721,9.235882,39.78804,996.4402,1164.635,957.2500,35.80000,1771.333,50.00734,335.8616,1.000000
"01/26/23 12:37:25",29.00000,0.4518909,1.613964,2.107320,9.247115,41.52596,996.4488,1140.346,957.2000,35.80000,1771.500,49.99784,335.9215,1.000000
"01/26/23 12:38:25",27.36667,0.6101936,1.922273,2.446418,11.60118,42.39471,996.4394,1134.796,957.1833,35.80000,1772.333,50.00143,336.1010,1.000000
"01/26/23 12:39:25",28.86667,0.5051883,1.785510,2.337071,10.29327,38.63827,996.4958,1079.319,957.2833,35.80000,1774.333,50.03632,336.1010,1.000000
"01/26/23 12:40:25",28.18333,0.5287148,1.973878,2.425670,9.793333,41.77922,996.5457,1025.705,957.3167,35.80000,1773.000,50.01050,336.2008,1.000000
"01/26/23 12:41:25",28.35000,0.3924956,1.785944,2.246096,10.29608,40.59804,996.4827,993.3188,957.2333,35.80000,1772.000,49.99091,336.2806,1.000000
"01/26/23 12:42:25",27.78333,0.5419928,1.531554,2.172582,10.98269,40.17962,996.4923,1022.454,957.2500,35.80000,1767.500,50.02002,336.4003,1.000000
"01/26/23 12:43:25",28.51667,0.6835181,1.897067,2.425434,10.08902,40.78529,996.5218,1089.566,957.2833,35.80000,1770.333,50.00059,336.4003,1.000000
"01/26/23 12:44:25",28.63333,0.4089240,1.921705,2.353699,10.95577,40.32596,996.5219,1127.561,957.2500,35.80000,1765.167,50.00156,336.4801,1.000000
"01/26/23 12:45:25",28.15000,0.4546872,1.796480,2.249621,9.030784,40.31451,996.4841,1246.470,957.2667,35.80000,1772.833,49.99260,336.4601,1.000000
"01/26/23 12:46:25",28.46667,0.3644788,1.793816,2.167394,9.383333,41.69647,996.4402,1473.802,957.2333,35.80000,1773.833,50.02775,336.6996,1.000000
"01/26/23 12:47:25",28.46667,0.4490118,1.653510,2.135348,9.593654,40.19173,996.5690,1674.889,957.3333,35.80000,1773.167,49.98169,336.7195,1.000000
"01/26/23 12:48:25",28.21667,0.4985654,1.738037,2.211963,9.945882,41.51843,996.5194,1908.494,957.3000,35.80000,1768.833,50.00513,336.6796,1.000000
"01/26/23 12:49:25",28.76667,1.319587,3.418010,4.442843,9.740588,39.62137,996.5210,1756.561,957.3167,35.80000,1773.000,49.98315,336.9190,1.000000
"01/26/23 12:50:25",28.06667,4.276913,3.959406,8.379757,10.13500,41.31846,996.5304,1718.938,957.3500,35.80000,1772.500,50.01160,336.8991,1.000000
"01/26/23 12:51:25",29.06667,6.252468,3.553225,10.01654,9.101569,39.71235,996.5439,1749.360,957.3500,35.80000,1772.667,49.99340,337.0587,1.000000
"01/26/23 12:52:25",27.95000,9.956041,11.83483,20.47059,8.812692,40.54654,996.5850,1704.432,957.3667,35.80000,1768.667,49.99521,337.0587,1.000000
"01/26/23 12:53:25",26.73333,13.51984,16.44603,28.46187,10.40706,41.76529,996.5055,1643.455,957.2333,35.80000,1772.000,50.01482,337.0387,1.000000
"01/26/23 12:54:25",28.40000,12.69822,17.30421,30.23279,9.468824,38.99098,996.5180,1490.256,957.3000,35.80000,1768.667,50.00006,337.2582,1.000000
"01/26/23 12:55:25",28.85000,14.58244,16.70648,29.86530,9.485385,38.76962,996.5263,1397.271,957.2833,35.80000,1769.000,50.00280,337.2582,1.000000
"01/26/23 12:56:25",28.38333,20.83473,16.72790,38.83302,9.573529,38.66451,996.5325,1269.363,957.2833,35.80000,1773.833,50.01333,337.1385,1.000000
"01/26/23 12:57:25",28.45000,17.33838,19.46957,37.29203,9.415490,39.04902,996.5716,1158.983,957.3167,35.80000,1773.167,50.05667,337.3180,1.000000
"01/26/23 12:58:25",28.01667,18.39616,13.94788,34.40927,9.144808,39.97404,996.6181,1141.434,957.3333,35.80000,1769.000,49.99186,337.3978,1.000000
"01/26/23 12:59:25",29.15000,25.21200,18.34806,40.93844,9.156078,39.20824,996.6233,1327.300,957.4167,35.80000,1769.167,50.00108,337.3380,1.000000
"01/26/23 13:00:25",28.50000,18.47102,15.29831,35.20890,8.583269,40.03462,996.6117,1317.721,957.3667,35.80000,1771.333,50.03462,337.5575,1.000000
"01/26/23 13:01:25",28.95000,27.85799,19.75686,45.48860,8.913725,39.50039,996.6802,1229.258,957.4333,35.80000,1772.500,49.97526,337.4577,1.000000
"01/26/23 13:02:25",28.56667,26.25547,17.70165,44.11213,9.307647,40.77961,996.7047,1190.883,957.4833,35.80000,1773.333,49.98850,337.5774,1.000000
"01/26/23 13:03:25",29.06667,26.76876,19.36266,46.10852,9.168654,39.73231,996.6554,1187.965,957.4333,35.80000,1774.667,49.98828,337.6572,1.000000
"01/26/23 13:04:25",29.18333,23.87484,17.04715,41.63773,9.019412,39.28118,996.7171,1105.904,957.5167,35.80000,1772.167,49.98741,337.6373,1.000000
"01/26/23 13:05:25",28.68333,21.21680,19.02980,40.00743,8.924615,39.80808,996.7477,1099.518,957.5000,35.80000,1771.167,50.00467,337.7769,1.000000
"01/26/23 13:06:25",28.26667,18.76306,18.39942,37.24592,10.55137,41.10804,996.7041,1092.303,957.4333,35.80000,1769.167,50.00581,337.7769,1.000000
"01/26/23 13:07:25",27.91667,17.99362,13.31375,32.49549,8.889608,39.50784,996.7412,1209.345,957.4500,35.80000,1769.667,50.00909,337.7370,1.000000
"01/26/23 13:08:25",29.40000,17.34499,13.67264,30.47606,8.626923,39.94404,996.7252,1240.831,957.5167,35.80000,1770.333,49.98680,337.7769,1.000000
"01/26/23 13:09:25",29.31667,12.90773,12.64916,25.89637,8.955686,39.45765,996.7933,1101.515,957.5333,35.80000,1770.167,50.02823,337.8767,1.000000
"01/26/23 13:10:25",29.25000,10.52233,11.63384,22.27916,9.214902,39.53333,996.7994,1106.302,957.5667,35.80000,1771.333,49.99551,337.9365,1.000000
"01/26/23 13:11:25",28.65000,9.164525,12.20941,21.15213,9.209423,41.03038,996.8367,1323.308,957.6000,35.80000,1770.333,50.04320,337.9565,1.000000
"01/26/23 13:12:25",27.71667,8.539781,9.999582,19.04913,10.39000,40.46882,996.7878,1409.515,957.5333,35.80000,1772.667,49.99634,337.9365,1.000000
"01/26/23 13:13:25",28.63333,7.532887,9.981543,17.53124,8.732885,39.44269,996.8302,1357.358,957.5500,35.80000,1775.167,50.00608,337.9764,1.000000
"01/26/23 13:14:25",29.18333,5.568019,9.458237,15.02427,8.553922,40.66216,996.8541,1311.179,957.6167,35.80000,1772.500,50.00311,338.1161,1.000000
"01/26/23 13:15:25",28.35000,4.386268,8.888141,13.52320,9.218824,39.87412,996.8422,1267.702,957.6000,35.80000,1770.833,49.99220,338.0961,1.000000
"01/26/23 13:16:25",28.66667,3.646216,8.223575,11.93291,8.760385,39.38058,996.8685,1263.921,957.6500,35.80000,1769.333,49.99784,338.1161,1.000000
"01/26/23 13:17:25",29.05000,2.838586,7.311665,10.27839,8.876471,39.12314,996.8871,1292.935,957.6333,35.80000,1773.167,49.99944,338.1161,1.000000
"01/26/23 13:18:25",28.11667,2.329832,6.806074,9.228781,9.430000,38.15173,996.9150,1262.570,957.6833,35.80000,1769.500,49.96989,338.3156,1.000000
"01/26/23 13:19:25",28.71667,1.944597,6.300123,8.342699,9.409216,39.83529,996.8635,1154.118,957.5667,35.80000,1772.167,49.99564,338.2158,1.000000
"01/26/23 13:20:25",28.86667,1.578922,5.880795,7.473442,9.480588,39.77392,996.8678,1105.249,957.5667,35.80000,1772.167,50.00558,338.1759,1.000000
"01/26/23 13:21:25",28.46667,1.396243,5.232112,6.759379,9.153077,38.69404,996.9029,1266.752,957.6500,35.80000,1772.667,49.99207,338.2757,1.000000
"01/26/23 13:22:25",29.45000,1.312692,5.079623,6.438992,8.999412,39.68941,996.9075,1426.651,957.6167,35.80000,1775.000,49.99979,338.3355,1.000000
"01/26/23 13:23:25",28.86667,1.138782,4.378071,5.630986,9.298235,39.92235,996.8600,1413.905,957.5667,35.80000,1770.833,49.99348,338.2158,1.000000
"01/26/23 13:24:25",28.05000,1.040045,4.323207,5.335887,9.537115,40.21981,996.8750,1471.888,957.6167,35.80000,1778.667,50.01038,338.3754,1.000000
"01/26/23 13:25:25",28.65000,1.024502,4.090389,5.216642,10.43706,39.79882,996.8435,1601.516,957.5667,35.80000,1772.333,49.97784,338.2757,1.000000
"01/26/23 13:26:25",29.68333,0.9779279,3.588754,4.599076,9.623846,39.23538,996.8733,1533.778,957.5667,35.80000,1772.333,49.99556,338.2956,1.000000
"01/26/23 13:27:25",29.23333,0.8130503,3.185408,4.102198,9.156078,38.93549,996.8778,1778.270,957.6167,35.80000,1773.667,50.02231,338.2757,1.000000
"01/26/23 13:28:25",28.01667,0.8279208,3.108251,3.923542,9.403137,40.56686,996.9229,1991.959,957.6667,35.80000,1771.000,50.02409,338.4552,1.000000
"01/26/23 13:29:25",26.73333,0.8104793,3.422345,4.176275,12.12019,42.93077,996.9675,1706.210,957.6833,35.80000,1773.167,49.99306,338.5151,1.000000
"01/26/23 13:30:25",27.46667,0.9814108,3.251487,4.233208,13.64725,40.67647,996.9459,1571.722,957.6333,35.86667,1773.833,49.99103,338.4353,1.000000
"01/26/23 13:31:25",28.18333,0.9360216,2.870456,3.897379,11.01569,37.25471,996.9865,1535.637,957.7000,35.90000,1773.500,50.01681,338.5151,1.000000
"01/26/23 13:32:25",27.71667,1.041232,2.560648,3.669428,10.65212,40.45231,997.0698,1966.774,957.8167,35.90000,1774.333,50.01355,338.5550,1.000000
"01/26/23 13:33:25",28.76667,3.108667,0.9462496,4.012392,10.18000,39.03275,997.0690,2178.916,957.8333,35.90000,1769.000,50.01913,338.5550,1.000000
"01/26/23 13:34:25",28.26667,0.8486926,2.342083,3.215519,12.38942,42.18923,996.9662,2103.473,957.7500,35.90000,1773.500,50.01209,338.4353,1.000000
"01/26/23 13:35:25",28.76667,0.8348986,2.723849,3.534427,10.74137,37.13667,997.0469,2027.376,957.8000,35.90000,1773.667,50.03448,338.6148,1.000000
"01/26/23 13:36:25",27.70000,0.9560084,2.276551,3.338460,11.54667,39.87196,997.1304,1885.638,957.8000,35.90000,1773.667,50.01856,338.7346,1.000000
"01/26/23 13:37:25",28.05000,5.364822,-1.259758,3.917355,13.40250,37.72269,996.8917,1705.127,957.6167,35.90000,1776.333,50.01838,338.5750,1.000000
"01/26/23 13:38:25",28.01667,1.081164,2.631033,3.808146,10.50882,37.35098,996.9551,1699.901,957.7000,35.96667,1774.333,50.00629,338.6747,1.000000
"01/26/23 13:39:25",28.46667,0.8400995,2.667115,3.557268,9.638269,36.28577,996.9702,1763.093,957.6667,36.00000,1775.833,50.00287,338.5949,1.000000
"01/26/23 13:40:25",28.76667,0.8599164,2.615041,3.403775,10.09471,38.90392,997.0184,1545.815,957.7000,36.00000,1773.833,50.01814,338.5949,1.000000
"01/26/23 13:41:25",28.88333,0.6368414,1.992452,2.780465,10.26706,36.16686,996.9794,1436.755,957.6667,36.00000,1775.833,50.00149,338.7346,1.000000
"01/26/23 13:42:25",27.81667,0.9340693,2.677703,3.520177,9.594231,36.23192,996.9715,1438.268,957.6833,36.00000,1775.167,50.03152,338.5750,1.000000
"01/26/23 13:43:25",28.06667,1.199522,2.758143,3.832296,9.355294,36.71059,997.0080,1464.733,957.7833,36.00000,1771.167,49.99761,338.6747,1.000000
"01/26/23 13:44:25",28.91667,0.7226563,2.032387,2.984204,9.515490,38.06510,997.0084,1458.350,957.7333,36.00000,1772.333,50.00867,338.7545,1.000000
"01/26/23 13:45:25",29.68333,0.8118881,2.229687,3.010126,9.018462,37.57269,997.0081,1452.716,957.6667,36.00000,1776.833,49.97860,338.7545,1.000000
"01/26/23 13:46:25",29.16667,0.6209170,1.982634,2.621843,9.452941,38.91039,996.9769,1537.840,957.6833,36.00000,1776.500,49.98920,338.8343,1.000000
"01/26/23 13:47:25",28.36667,0.6556150,1.801637,2.498602,12.05346,40.83635,997.0350,1857.286,957.7500,36.00000,1776.000,50.00486,338.7745,1.000000
"01/26/23 13:48:25",26.93333,0.7485120,2.129779,2.777879,12.48588,38.43235,997.0408,2088.168,957.7333,36.00000,1776.667,49.99657,338.7944,1.000000
"01/26/23 13:49:25",28.26667,0.6960063,2.227118,2.934704,11.12804,36.24059,997.0049,2164.774,957.8333,36.00000,1773.000,50.00629,338.8942,1.000000
"01/26/23 13:50:25",28.88333,0.7085967,1.948078,2.594088,10.85058,39.73962,997.0288,1929.467,957.7667,36.06667,1771.500,50.00696,338.7944,1.000000
"01/26/23 13:51:25",29.01667,1.329961,1.747863,3.024845,10.38824,37.96353,997.0520,1941.248,957.7833,36.10000,1776.833,50.00356,338.9141,1.000000
"01/26/23 13:52:25",29.80000,0.6390233,1.764542,2.557393,11.66635,38.21962,997.0538,1938.446,957.7167,36.10000,1778.000,50.02446,338.9939,1.000000
"01/26/23 13:53:25",29.28333,0.5275971,1.795544,2.355666,12.73608,41.08667,996.9851,1868.453,957.6000,36.10000,1777.833,50.01864,338.8942,1.000000
"01/26/23 13:54:25",28.65000,0.4833491,1.954575,2.396701,13.40588,37.00078,997.0335,1594.997,957.8000,36.10000,1785.500,50.01898,338.8543,1.000000
"01/26/23 13:55:25",28.56667,1.174702,1.921931,2.830265,10.14942,37.63981,997.0608,1494.462,957.8833,36.10000,1800.667,50.02956,338.9740,1.000000
"01/26/23 13:56:25",29.55000,0.4592421,1.834991,2.598580,10.25373,36.35961,997.0643,1413.951,957.8500,36.10000,1797.833,50.04694,338.9341,1.000000
"01/26/23 13:57:25",29.11667,0.4416484,1.760705,2.189234,10.87314,37.31882,997.0371,1404.925,957.7333,36.10000,1783.167,49.98269,339.0737,1.000000
"01/26/23 13:58:25",28.86667,0.4127451,1.709896,2.142732,12.03058,41.50077,997.0660,1313.218,957.8167,36.10000,1786.000,50.00758,338.9341,1.000000
"01/26/23 13:59:25",27.73333,0.5007883,1.796367,2.286539,14.56451,40.88784,997.0457,1465.870,957.7833,36.10000,1790.000,50.00936,339.0139,1.000000
"01/26/23 14:00:26",28.43333,0.5426437,1.834422,2.365763,12.32404,36.11000,997.0863,1558.842,957.8500,36.13333,1776.667,50.02101,339.0507,1.000000
"01/26/23 14:01:26",27.25000,0.5231913,1.851713,2.366561,13.89627,38.81353,997.1396,1552.065,958.0000,36.20000,1789.500,50.01977,338.9921,1.000000
"01/26/23 14:02:26",27.31667,0.5699200,1.927882,2.525954,12.49627,38.30588,997.1686,1471.317,958.0667,36.20000,1797.500,49.99104,339.0507,1.000000
"01/26/23 14:03:26",29.00000,0.6411489,1.846056,2.423506,10.76769,34.96077,997.1523,1572.592,958.1000,36.20000,1794.167,50.01008,339.1735,1.000000
"01/26/23 14:04:26",26.70000,1.944754,2.067789,4.043847,9.734314,36.25471,997.1618,1653.065,958.0333,36.20000,1787.500,50.00231,339.0737,1.000000
"01/26/23 14:05:26",27.25000,0.7327804,1.808381,2.562932,9.690784,36.47510,997.1816,1637.693,957.8833,36.20000,1775.667,50.01520,339.1535,1.000000
"01/26/23 14:06:26",23.78333,1.712558,5.111545,6.990487,9.569808,37.12942,997.1754,2113.278,957.9000,36.20000,1774.000,49.99414,339.0737,1.000000
"01/26/23 14:07:26",28.11667,1.319836,2.517409,3.631374,9.319020,37.44588,997.2310,2751.654,957.9667,36.20000,1773.833,49.98697,339.1934,1.000000
"01/26/23 14:08:26",29.15000,0.5817065,1.825628,2.473105,9.281923,39.23019,997.3233,2469.922,958.1000,36.20000,1775.000,49.98262,339.2333,1.000000
"01/26/23 14:09:26",29.08333,0.8655600,1.877220,2.656336,9.132353,38.00490,997.3249,2532.694,958.0667,36.20000,1776.833,49.98888,339.0538,1.000000
"01/26/23 14:10:26",28.73333,0.5824382,2.776355,3.517102,9.260000,38.12255,997.3602,2487.895,958.0833,36.20000,1771.833,49.97514,339.1934,1.000000
"01/26/23 14:11:26",28.45000,0.9966393,1.598834,2.608806,9.927308,39.00519,997.4119,2321.066,958.1833,36.20000,1776.333,50.00734,339.2533,1.000000
"01/26/23 14:12:26",28.85000,0.7700710,2.042323,2.652352,9.349020,37.83059,997.4159,1985.700,958.1333,36.20000,1773.500,49.95576,339.2134,1.000000
"01/26/23 14:13:26",28.90000,0.6296902,2.194981,2.832780,9.902692,37.99154,997.4050,1736.073,958.1333,36.20000,1770.833,49.98009,339.2533,1.000000
"01/26/23 14:14:26",28.78333,0.4515553,1.987580,2.436720,9.718039,37.56510,997.4255,1835.619,958.1500,36.20000,1774.167,50.00401,339.2134,1.000000
"01/26/23 14:15:26",29.50000,0.5489644,2.330548,2.914227,9.403725,37.32039,997.4163,2256.251,958.1333,36.20000,1773.833,50.00666,339.3530,1.000000
"01/26/23 14:16:26",29.00000,1.674737,4.920422,7.059109,10.08404,39.14500,997.4288,2139.438,958.1333,36.20000,1769.833,49.96056,339.3331,1.000000
"01/26/23 14:17:26",29.18333,3.972060,4.008509,7.768573,9.525098,37.24059,997.4216,2090.058,958.1500,36.20000,1772.000,50.00328,339.2533,1.000000
"01/26/23 14:18:26",29.26667,5.541885,6.988473,13.48687,9.490000,38.61558,997.4556,2639.832,958.2000,36.20000,1773.667,49.98851,339.3331,1.000000
"01/26/23 14:19:26",29.31667,5.630680,10.75460,15.84287,9.539412,37.97294,997.4592,2917.445,958.1667,36.20000,1773.167,49.99218,339.4329,1.000000
"01/26/23 14:20:26",30.01667,7.732734,12.29629,20.81231,9.355294,37.54941,997.4441,2936.992,958.1833,36.20000,1772.333,50.00635,339.2732,1.000000
"01/26/23 14:21:26",29.03333,10.34978,12.79372,23.96081,10.61077,37.61942,997.4440,3111.870,958.1667,36.20000,1773.000,50.01801,339.3730,1.000000
"01/26/23 14:22:26",28.78333,12.18891,8.352142,21.46686,9.907059,37.66608,997.5355,3628.622,958.2667,36.20000,1771.333,50.00517,339.2732,1.000000
"01/26/23 14:23:26",28.95000,16.85557,17.85652,34.22878,9.362353,36.73039,997.4739,3452.149,958.1833,36.20000,1771.333,49.99460,339.3530,1.000000
"01/26/23 14:24:26",29.46667,14.05446,10.82111,23.94824,9.469423,37.46885,997.4606,3165.141,958.2167,36.20000,1774.000,49.99390,339.3531,1.000000
"01/26/23 14:25:26",30.10000,14.82764,16.54378,33.03059,9.192157,37.02196,997.4373,2978.103,958.2000,36.20000,1772.167,49.98343,339.4129,1.000000
"01/26/23 14:26:26",30.50000,20.45869,14.81377,34.90315,9.281923,36.97346,997.4479,3024.159,958.2167,36.20000,1771.500,49.98703,339.4329,1.000000
"01/26/23 14:27:26",30.06667,20.28605,16.53999,36.55316,8.942157,36.93627,997.5345,3142.588,958.2833,36.20000,1770.167,49.98972,339.4129,1.000000
"01/26/23 14:28:26",29.98333,19.26832,9.428711,27.70663,9.439020,36.78647,997.5876,4630.154,958.3333,36.20000,1769.833,50.00048,339.4927,1.000000
"01/26/23 14:29:26",30.23333,14.30387,18.33356,33.29166,11.15673,39.33019,997.5806,3502.453,958.2833,36.20000,1770.500,49.97934,339.5326,1.000000
"01/26/23 14:30:26",30.03333,13.06150,14.22138,27.30496,10.22667,35.65137,997.6471,3017.501,958.4333,36.20000,1773.833,49.99844,339.4329,1.000000
"01/26/23 14:31:26",29.33333,13.91223,12.92548,26.45135,9.879020,35.69922,997.6488,2657.920,958.4167,36.20000,1772.000,50.02799,339.4528,1.000000
"01/26/23 14:32:26",29.08333,12.12089,12.69760,24.62198,9.486923,35.79519,997.6585,2272.251,958.4167,36.20000,1773.833,49.97932,339.4728,1.000000
"01/26/23 14:33:26",30.70000,10.50020,12.15719,22.10913,9.188824,35.97941,997.6843,2502.669,958.4500,36.20000,1772.500,49.99546,339.4927,1.000000
"01/26/23 14:34:26",30.30000,8.294994,11.38763,19.50067,9.403462,35.72231,997.6827,4301.968,958.4500,36.20000,1773.167,49.96753,339.5326,1.000000
"01/26/23 14:35:26",29.98333,6.988593,10.14872,16.79575,10.19569,35.38784,997.7065,4186.759,958.4333,36.20000,1771.000,50.01775,339.5526,1.000000
"01/26/23 14:36:26",29.80000,5.679241,9.868902,15.44545,10.46333,34.12137,997.7137,5205.294,958.4833,36.20000,1774.667,50.00237,339.4728,1.000000
"01/26/23 14:37:26",29.56667,4.903233,9.393109,14.18961,10.88808,34.85404,997.7102,6359.631,958.4667,36.20000,1772.167,49.98395,339.4927,1.000000
"01/26/23 14:38:26",28.78333,5.168696,8.099614,13.29945,10.27078,34.44588,997.6963,3921.828,958.4833,36.20000,1773.333,49.99571,339.5326,1.000000
"01/26/23 14:39:26",28.83333,5.790066,8.421589,14.07882,10.49942,35.97423,997.7242,4485.778,958.5167,36.20000,1775.500,50.01284,339.5127,1.000000
"01/26/23 14:40:26",30.56667,3.059541,7.926104,10.74665,10.37216,34.71078,997.7598,3975.777,958.4833,36.26667,1773.833,50.00098,339.5326,1.000000
"01/26/23 14:41:26",29.41667,3.203179,7.381638,10.72702,10.16686,34.80294,997.7971,2698.052,958.5833,36.30000,1773.333,50.01553,339.4728,1.000000
"01/26/23 14:42:26",30.01667,2.453402,6.619696,8.821699,10.37942,34.23731,997.8365,3828.377,958.5833,36.30000,1776.167,49.99725,339.6124,1.000000
"01/26/23 14:43:26",29.36667,2.297187,6.523603,8.981098,10.92235,34.61098,997.8547,8207.282,958.6333,36.30000,1774.333,49.98652,339.5725,1.000000
"01/26/23 14:44:26",28.40000,2.331261,6.210625,8.502688,11.01686,33.74745,997.8965,3368.140,958.6167,36.30000,1781.833,50.03009,339.5526,1.000000
"01/26/23 14:45:26",30.40000,1.697561,5.274126,6.819967,10.46000,34.32500,997.9075,3146.557,958.7167,36.30000,1777.000,49.98120,339.5725,1.000000
"01/26/23 14:46:26",30.11667,1.500445,4.945526,6.435480,10.07059,33.97569,997.9296,3474.357,958.7000,36.30000,1776.833,49.99378,339.5725,1.000000
"01/26/23 14:47:26",29.55000,1.391359,4.803794,6.159204,11.48885,35.87481,997.9852,3631.266,958.7667,36.30000,1778.167,49.97184,339.6523,1.000000
"01/26/23 14:48:26",30.45000,3.116632,3.872754,6.994626,11.02627,33.52647,997.9635,3006.841,958.6667,36.30000,1775.333,49.98711,339.6124,1.000000
"01/26/23 14:49:26",29.95000,1.485196,5.130782,6.674256,10.68490,34.26843,997.9855,2801.466,958.7333,36.30000,1778.500,50.04809,339.4927,1.000000
"01/26/23 14:50:26",29.48333,1.678896,4.981576,6.656983,10.40365,33.39212,998.0035,2713.690,958.7667,36.30000,1777.667,49.98702,339.6324,1.000000
"01/26/23 14:51:26",28.95000,1.512618,5.451050,6.971383,10.68941,34.97431,998.0298,2512.134,958.8000,36.30000,1773.833,50.00518,339.6523,1.000000
"01/26/23 14:52:26",27.26667,7.176953,3.986049,11.20288,12.07942,35.88173,998.0337,2330.877,958.7333,36.30000,1773.167,49.98329,339.6523,1.000000
"01/26/23 14:53:26",28.86667,2.578634,8.681969,11.33037,10.75765,32.99804,998.0410,2549.414,958.7833,36.30000,1774.833,50.00837,339.6523,1.000000
"01/26/23 14:54:26",29.46667,2.251827,6.180787,8.377934,10.61196,33.87098,998.1080,2775.271,958.8500,36.30000,1775.000,50.00486,339.5326,1.000000
"01/26/23 14:55:26",29.18333,1.839732,5.960643,7.745491,10.67481,33.32096,998.0890,2552.248,958.8167,36.30000,1779.167,49.99621,339.6324,1.000000
"01/26/23 14:56:26",29.88333,1.621507,5.547586,7.126677,10.34549,33.50020,998.1749,2086.941,958.9167,36.30000,1776.833,50.05625,339.7122,1.000000
"01/26/23 14:57:26",30.26667,1.581359,5.598609,7.260786,10.25843,35.08784,998.1829,2239.558,958.9167,36.30000,1776.500,49.97494,339.5925,1.000000
"01/26/23 14:58:26",30.08333,1.643727,5.413582,6.967739,10.77558,35.04885,998.1327,2273.087,958.8833,36.30000,1773.500,50.00618,339.6723,1.000000
"01/26/23 14:59:26",30.46667,1.484057,5.344858,6.842283,10.66000,33.48725,998.2092,2271.571,958.9333,36.30000,1774.833,49.99240,339.7720,1.000000
"01/26/23 15:00:26",29.60000,1.290846,5.908362,7.185175,11.55558,35.20635,998.2208,2274.676,958.9167,36.30000,1772.667,50.03828,339.6723,1.000000
"01/26/23 15:01:26",28.38333,1.783121,5.670674,7.759187,11.33647,35.16784,998.2941,2194.602,958.9500,36.30000,1774.500,50.00997,339.6124,1.000000
"01/26/23 15:02:26",30.36667,2.120712,6.082769,7.896655,10.57549,33.32608,998.2912,1983.727,959.0333,36.30000,1771.500,49.99951,339.6324,1.000000
"01/26/23 15:03:26",30.66667,1.195213,5.071707,6.227423,9.566538,34.76250,998.3087,1809.519,959.0000,36.30000,1775.000,49.99905,339.7321,1.000000
"01/26/23 15:04:26",30.75000,1.210156,5.207058,6.400084,9.816667,34.31059,998.3214,1953.229,959.0500,36.30000,1773.833,49.99238,339.6922,1.000000
"01/26/23 15:05:26",29.68333,0.9633366,4.878389,5.816517,11.28596,36.98115,998.3181,1839.097,959.0167,36.30000,1777.667,50.01086,339.6723,1.000000
"01/26/23 15:06:26",30.48333,0.9068385,4.484619,5.396196,10.14353,34.03157,998.3314,1744.491,959.0500,36.33333,1776.000,49.96655,339.7122,1.000000
"01/26/23 15:07:26",29.81667,0.9216802,4.323909,5.242555,9.736863,34.15510,998.3798,1573.481,959.1000,36.30000,1776.000,49.99387,339.7321,1.000000
"01/26/23 15:08:26",30.55000,0.8300310,4.155067,4.953852,9.788846,34.49288,998.3985,1415.679,959.1000,36.33333,1773.500,49.98001,339.7521,1.000000
"01/26/23 15:09:26",30.53333,0.6763289,4.027770,4.698484,9.930588,33.89275,998.3833,1483.059,959.1167,36.30000,1777.333,50.00150,339.7122,1.000000
"01/26/23 15:10:26",30.33333,0.7123076,4.022460,4.773009,9.719216,34.67804,998.3718,1486.331,959.0833,36.30000,1776.667,50.02661,339.6922,1.000000
"01/26/23 15:11:26",30.18333,0.6964542,3.778329,4.432743,10.90615,38.35712,998.4081,1361.015,959.1167,36.30000,1775.000,49.96751,339.8319,1.000000
"01/26/23 15:12:26",30.26667,0.6584468,3.757009,4.417623,10.89980,33.43745,998.4259,1336.969,959.1167,36.30000,1773.500,50.00212,339.8119,1.000000
"01/26/23 15:13:26",29.95000,0.6859013,3.179067,3.956919,10.18212,33.88654,998.4767,1277.059,959.2167,36.30000,1777.000,50.00481,339.6922,1.000000
"01/26/23 15:14:26",30.76667,0.8039467,3.503978,4.218141,10.18961,36.12020,998.5331,1462.392,959.2500,36.30000,1772.833,50.04525,339.8119,1.000000
"01/26/23 15:15:26",30.10000,0.6974478,3.338430,4.060861,9.646863,34.51294,998.5312,1508.969,959.2167,36.30000,1773.833,49.96793,339.8119,1.000000
"01/26/23 15:16:26",31.28333,0.6764896,2.909566,3.554546,9.303462,35.67365,998.5633,1704.656,959.2667,36.30000,1773.167,49.99790,339.7720,1.000000
"01/26/23 15:17:26",30.11667,0.5477572,2.963420,3.486914,9.868039,35.88333,998.5327,2071.388,959.2167,36.30000,1775.667,49.96913,339.7920,1.000000
"01/26/23 15:18:26",30.43333,0.5249628,2.770097,3.277043,9.476154,34.78192,998.5592,2045.512,959.2500,36.30000,1773.500,49.99356,339.7321,1.000000
"01/26/23 15:19:26",29.95000,0.4725807,2.706314,3.203183,10.02941,34.12804,998.5767,1925.725,959.3167,36.30000,1774.667,50.00944,339.8518,1.000000
"01/26/23 15:20:26",30.13333,0.8514336,2.490879,3.348605,10.30235,33.54333,998.5951,2020.728,959.3333,36.30000,1778.667,50.01059,339.8518,1.000000
"01/26/23 15:21:26",29.68333,0.5225820,2.953390,3.493893,10.20154,33.45808,998.6212,2168.558,959.3000,36.30000,1774.500,50.03930,339.7920,1.000000
"01/26/23 15:22:26",29.35000,0.7947338,2.574830,3.352099,10.33882,36.58333,998.6190,2013.346,959.3000,36.30000,1777.167,50.03257,339.8518,1.000000
"01/26/23 15:23:26",29.13333,0.6018862,2.895857,3.484368,10.69059,33.38196,998.6324,1887.613,959.3167,36.30000,1777.833,50.01332,339.8518,1.000000
"01/26/23 15:24:26",29.76667,0.4489265,2.645164,3.092488,9.992115,34.20135,998.6487,1576.237,959.3500,36.30000,1772.000,49.99511,339.7720,1.000000
"01/26/23 15:25:26",29.40000,0.4403561,2.311025,2.764624,9.702549,34.85588,998.7165,1503.402,959.4167,36.30000,1772.000,50.00324,339.8917,1.000000
"01/26/23 15:26:26",30.16667,0.6005891,2.422946,3.013242,9.462692,35.04192,998.6633,1752.311,959.3500,36.30000,1770.167,49.98257,339.7122,1.000000
"01/26/23 15:27:26",30.63333,0.5211744,2.237351,2.764626,9.630784,36.27529,998.7059,1700.916,959.3667,36.30000,1776.333,49.97855,339.9715,1.000000
"01/26/23 15:28:26",30.05000,0.4686517,2.223436,2.680177,9.812353,34.33353,998.7592,1410.064,959.4333,36.30000,1769.667,50.00142,339.8319,1.000000
"01/26/23 15:29:26",29.53333,0.4403015,2.066773,2.537560,9.976154,34.79269,998.7363,1396.468,959.4000,36.30000,1776.000,49.97450,339.8518,1.000000
"01/26/23 15:30:26",29.51667,0.5409974,2.270463,2.801373,10.14039,35.23353,998.7680,1081.349,959.4333,36.26667,1771.333,50.02910,339.7720,1.000000
"01/26/23 15:31:26",29.65000,0.5055975,2.193090,2.680070,10.10462,34.01346,998.7642,909.4602,959.4500,36.20000,1774.333,50.00347,339.9715,1.000000
"01/26/23 15:32:26",29.81667,0.4019627,2.120028,2.511173,10.02078,35.31137,998.8078,977.3312,959.5000,36.20000,1776.833,50.01518,339.8518,1.000000
"01/26/23 15:33:26",30.01667,0.4694545,2.488607,2.998329,9.801373,34.20451,998.8524,1098.503,959.5000,36.20000,1771.500,49.97731,339.9117,1.000000
"01/26/23 15:34:26",29.76667,1.111619,1.573739,2.657676,9.306923,35.04519,998.8704,1103.307,959.5167,36.20000,1772.333,49.96855,339.7122,1.000000
"01/26/23 15:35:26",31.05000,0.4047153,1.970413,2.370661,9.276471,36.02412,998.8663,1206.015,959.5000,36.20000,1775.833,49.97966,339.8917,1.000000
"01/26/23 15:36:26",29.83333,0.4378190,2.180014,2.635396,10.01784,36.18667,998.8649,1201.403,959.5000,36.20000,1775.500,49.99217,339.8518,1.000000
"01/26/23 15:37:26",30.25000,0.5172568,1.660734,2.206655,9.818654,35.87731,998.8363,1082.149,959.5000,36.20000,1774.167,50.02513,339.7321,1.000000
"01/26/23 15:38:26",30.41667,0.4926829,1.781402,2.216863,9.532157,34.50725,998.8714,892.3220,959.5167,36.20000,1773.167,50.04495,339.8718,1.000000
"01/26/23 15:39:26",29.68333,0.3957894,1.900554,2.337325,9.487885,35.50212,998.9187,843.2217,959.5167,36.20000,1770.333,49.94424,339.9715,1.000000
"01/26/23 15:40:26",29.78333,0.6857792,3.191401,3.878473,9.633725,35.22020,998.9586,968.7673,959.5833,36.20000,1773.500,49.95227,339.8917,1.000000
"01/26/23 15:41:26",29.40000,0.7348002,2.176830,2.905173,9.568235,34.56608,999.0133,835.3378,959.6333,36.20000,1773.167,49.99435,339.8917,1.000000
"01/26/23 15:42:26",28.43333,0.6045052,1.820927,2.551545,9.787500,34.26635,999.0417,699.0962,959.6500,36.20000,1775.333,49.99121,339.7920,1.000000
"01/26/23 15:43:26",29.51667,0.8024616,2.101451,2.751484,9.616078,34.33020,999.0373,708.0255,959.6167,36.20000,1772.667,49.98911,339.8518,1.000000
"01/26/23 15:44:26",30.16667,0.3575641,1.934969,2.275710,9.695769,34.72519,999.0335,784.6612,959.6333,36.20000,1775.500,49.98904,339.8119,1.000000
"01/26/23 15:45:26",30.50000,0.3226008,1.997798,2.324111,9.368824,34.77667,999.0965,831.8908,959.7000,36.20000,1772.667,49.99319,339.7720,1.000000
"01/26/23 15:46:26",30.50000,0.3356430,1.750246,2.090520,9.290392,35.09431,999.0951,698.7402,959.6833,36.20000,1773.833,50.00535,339.8917,1.000000
"01/26/23 15:47:26",30.21667,0.3336641,1.711028,2.033837,8.870962,35.83058,999.0904,657.8410,959.7000,36.10000,1775.667,50.01991,339.9316,1.000000
"01/26/23 15:48:26",29.90000,0.3216412,1.721641,2.044360,9.216863,35.33745,999.1380,580.9386,959.7167,36.10000,1772.167,49.96332,339.8319,1.000000
"01/26/23 15:49:26",29.78333,0.4019294,1.933189,2.348648,9.412941,35.68176,999.1929,574.3249,959.7833,36.10000,1771.167,49.98543,339.8917,1.000000
"01/26/23 15:50:26",27.51667,2.051217,1.932480,4.060949,9.354038,35.69692,999.2277,518.3415,959.8167,36.10000,1771.500,49.99305,339.7720,1.000000
"01/26/23 15:51:26",29.70000,0.6719955,2.135046,2.756973,9.178235,35.69333,999.2610,569.2575,959.9167,36.10000,1771.500,49.97485,339.8718,1.000000
"01/26/23 15:52:26",30.05000,0.4218734,1.955644,2.337697,9.155385,35.80788,999.2675,589.2873,959.8667,36.10000,1771.000,49.97386,339.8518,1.000000
"01/26/23 15:53:26",29.88333,0.3192990,1.712066,2.065161,8.896078,36.19882,999.3380,576.6112,959.9333,36.10000,1769.000,50.00570,339.8319,1.000000
"01/26/23 15:54:26",30.53333,0.3613943,1.868395,2.193423,8.859804,36.37706,999.3831,556.3114,959.9833,36.10000,1776.167,50.03011,339.7720,1.000000
"01/26/23 15:55:27",29.18333,0.2968205,1.775129,2.064483,9.170000,35.94269,999.4219,540.1631,960.0167,36.06667,1769.500,49.95695,339.8718,1.000000
"01/26/23 15:56:27",29.46667,0.3526481,1.962034,2.317344,9.031569,36.07725,999.4431,570.4204,960.0500,36.00000,1767.667,49.98891,339.8518,1.000000
"01/26/23 15:57:27",29.36667,0.4425829,2.223204,2.715058,9.258269,36.38423,999.4506,492.5927,959.9667,36.00000,1772.333,50.04594,339.8917,1.000000
"01/26/23 15:58:27",29.55000,0.4004865,1.966099,2.344380,9.189216,35.97882,999.4490,423.5896,959.9833,36.00000,1775.500,49.94560,339.8319,1.000000
"01/26/23 15:59:27",29.68333,0.3712900,2.079069,2.437296,9.467843,35.42255,999.4520,397.5216,959.9500,36.00000,1774.000,49.97881,339.8917,1.000000
"01/26/23 16:00:27",29.61667,0.2999429,1.969104,2.254347,9.209808,35.84769,999.4898,397.0231,960.0333,36.00000,1771.833,50.00645,339.8718,1.000000
"01/26/23 16:01:27",29.85000,0.2949903,2.154496,2.459942,9.068431,36.32431,999.5225,392.0973,960.0667,36.00000,1768.833,49.99363,339.9117,1.000000
"01/26/23 16:02:27",29.23333,0.3176885,2.043080,2.371052,9.195192,36.35423,999.5404,408.1194,960.0500,36.00000,1771.833,50.00652,339.8718,1.000000
"01/26/23 16:03:27",26.60000,1.169945,4.786920,6.749980,9.472549,37.55863,999.5594,420.2455,960.1167,36.00000,1772.667,49.98475,339.9915,1.000000
"01/26/23 16:04:27",28.38333,2.208775,2.193972,3.637351,9.359608,36.20373,999.6241,434.4986,960.1500,35.90000,1774.333,50.00559,339.8917,1.000000
"01/26/23 16:05:27",25.73333,0.5083673,2.937432,3.451317,12.20654,42.91538,999.6763,435.7510,960.1333,35.90000,1773.333,49.98615,339.8917,1.000000
"01/26/23 16:06:27",25.18333,0.7665497,3.635183,4.422888,13.86471,40.33392,999.7353,415.9976,960.1833,35.90000,1776.667,50.00645,339.8718,1.000000
"01/26/23 16:07:27",26.68333,0.6541762,3.636338,4.259790,13.58137,38.15078,999.7718,427.6351,960.2167,35.90000,1773.667,50.01473,339.9316,1.000000
"01/26/23 16:08:27",27.23333,0.5633870,3.468661,4.028737,11.81731,36.30135,999.7913,444.3550,960.2667,35.90000,1771.000,50.02016,339.9316,1.000000
"01/26/23 16:09:27",28.35000,0.4618400,3.072104,3.561869,10.52275,38.82020,999.8575,415.4325,960.3167,35.90000,1773.333,50.01960,339.8319,1.000000
"01/26/23 16:10:27",27.90000,0.5817120,3.626052,4.210142,11.65423,38.24885,999.8535,350.7329,960.3333,35.90000,1771.000,50.03593,339.9516,1.000000
"01/26/23 16:11:27",28.13333,0.8852904,4.295938,5.244219,11.45824,38.22882,999.9086,322.3996,960.4000,35.90000,1774.833,50.01358,339.9117,1.000000
"01/26/23 16:12:27",28.68333,1.210568,5.883810,7.156893,11.07451,37.26098,999.9775,332.2659,960.4167,35.90000,1769.500,50.03165,339.9516,1.000000
"01/26/23 16:13:27",30.26667,1.608870,6.308924,8.022128,10.82327,38.18962,1000.009,327.4737,960.4667,35.90000,1774.000,50.02834,339.8917,1.000000
"01/26/23 16:14:27",27.95000,2.296713,7.897997,10.31939,11.06255,37.45902,1000.038,326.3820,960.5000,35.90000,1777.167,50.03176,339.8917,1.000000
